id,name,email,age
"""1""","""用户1""","""user1@example.com""","""16"""
"""2""","""用户2""","""user2@example.com""","""17"""
"""3""","""用户3""","""user3@example.com""","""18"""
"""4""","""用户4""","""user4@example.com""","""19"""
"""5""","""用户5""","""user5@example.com""","""20"""
"""6""","""用户6""","""user6@example.com""","""21"""
"""7""","""用户7""","""user7@example.com""","""22"""
"""8""","""用户8""","""user8@example.com""","""23"""
"""9""","""用户9""","""user9@example.com""","""24"""
"""10""","""用户10""","""user10@example.com""","""25"""
"""11""","""用户11""","""user11@example.com""","""26"""
"""12""","""用户12""","""user12@example.com""","""27"""
"""13""","""用户13""","""user13@example.com""","""28"""
"""14""","""用户14""","""user14@example.com""","""29"""
"""15""","""用户15""","""user15@example.com""","""30"""
"""16""","""用户16""","""user16@example.com""","""31"""
"""17""","""用户17""","""user17@example.com""","""32"""
"""18""","""用户18""","""user18@example.com""","""33"""
"""19""","""用户19""","""user19@example.com""","""34"""
"""20""","""用户20""","""user20@example.com""","""35"""
"""21""","""用户21""","""user21@example.com""","""36"""
"""22""","""用户22""","""user22@example.com""","""37"""
"""23""","""用户23""","""user23@example.com""","""38"""
"""24""","""用户24""","""user24@example.com""","""39"""
"""25""","""用户25""","""user25@example.com""","""40"""
"""26""","""用户26""","""user26@example.com""","""41"""
"""27""","""用户27""","""user27@example.com""","""42"""
"""28""","""用户28""","""user28@example.com""","""43"""
"""29""","""用户29""","""user29@example.com""","""44"""
"""30""","""用户30""","""user30@example.com""","""45"""
"""31""","""用户31""","""user31@example.com""","""46"""
"""32""","""用户32""","""user32@example.com""","""47"""
"""33""","""用户33""","""user33@example.com""","""48"""
"""34""","""用户34""","""user34@example.com""","""49"""
"""35""","""用户35""","""user35@example.com""","""50"""
"""36""","""用户36""","""user36@example.com""","""51"""
"""37""","""用户37""","""user37@example.com""","""52"""
"""38""","""用户38""","""user38@example.com""","""53"""
"""39""","""用户39""","""user39@example.com""","""54"""
"""40""","""用户40""","""user40@example.com""","""55"""
"""41""","""用户41""","""user41@example.com""","""56"""
"""42""","""用户42""","""user42@example.com""","""57"""
"""43""","""用户43""","""user43@example.com""","""58"""
"""44""","""用户44""","""user44@example.com""","""59"""
"""45""","""用户45""","""user45@example.com""","""60"""
"""46""","""用户46""","""user46@example.com""","""61"""
"""47""","""用户47""","""user47@example.com""","""62"""
"""48""","""用户48""","""user48@example.com""","""63"""
"""49""","""用户49""","""user49@example.com""","""64"""
"""50""","""用户50""","""user50@example.com""","""15"""
"""51""","""用户51""","""user51@example.com""","""16"""
"""52""","""用户52""","""user52@example.com""","""17"""
"""53""","""用户53""","""user53@example.com""","""18"""
"""54""","""用户54""","""user54@example.com""","""19"""
"""55""","""用户55""","""user55@example.com""","""20"""
"""56""","""用户56""","""user56@example.com""","""21"""
"""57""","""用户57""","""user57@example.com""","""22"""
"""58""","""用户58""","""user58@example.com""","""23"""
"""59""","""用户59""","""user59@example.com""","""24"""
"""60""","""用户60""","""user60@example.com""","""25"""
"""61""","""用户61""","""user61@example.com""","""26"""
"""62""","""用户62""","""user62@example.com""","""27"""
"""63""","""用户63""","""user63@example.com""","""28"""
"""64""","""用户64""","""user64@example.com""","""29"""
"""65""","""用户65""","""user65@example.com""","""30"""
"""66""","""用户66""","""user66@example.com""","""31"""
"""67""","""用户67""","""user67@example.com""","""32"""
"""68""","""用户68""","""user68@example.com""","""33"""
"""69""","""用户69""","""user69@example.com""","""34"""
"""70""","""用户70""","""user70@example.com""","""35"""
"""71""","""用户71""","""user71@example.com""","""36"""
"""72""","""用户72""","""user72@example.com""","""37"""
"""73""","""用户73""","""user73@example.com""","""38"""
"""74""","""用户74""","""user74@example.com""","""39"""
"""75""","""用户75""","""user75@example.com""","""40"""
"""76""","""用户76""","""user76@example.com""","""41"""
"""77""","""用户77""","""user77@example.com""","""42"""
"""78""","""用户78""","""user78@example.com""","""43"""
"""79""","""用户79""","""user79@example.com""","""44"""
"""80""","""用户80""","""user80@example.com""","""45"""
"""81""","""用户81""","""user81@example.com""","""46"""
"""82""","""用户82""","""user82@example.com""","""47"""
"""83""","""用户83""","""user83@example.com""","""48"""
"""84""","""用户84""","""user84@example.com""","""49"""
"""85""","""用户85""","""user85@example.com""","""50"""
"""86""","""用户86""","""user86@example.com""","""51"""
"""87""","""用户87""","""user87@example.com""","""52"""
"""88""","""用户88""","""user88@example.com""","""53"""
"""89""","""用户89""","""user89@example.com""","""54"""
"""90""","""用户90""","""user90@example.com""","""55"""
"""91""","""用户91""","""user91@example.com""","""56"""
"""92""","""用户92""","""user92@example.com""","""57"""
"""93""","""用户93""","""user93@example.com""","""58"""
"""94""","""用户94""","""user94@example.com""","""59"""
"""95""","""用户95""","""user95@example.com""","""60"""
"""96""","""用户96""","""user96@example.com""","""61"""
"""97""","""用户97""","""user97@example.com""","""62"""
"""98""","""用户98""","""user98@example.com""","""63"""
"""99""","""用户99""","""user99@example.com""","""64"""
"""100""","""用户100""","""user100@example.com""","""15"""
"""101""","""用户101""","""user101@example.com""","""16"""
"""102""","""用户102""","""user102@example.com""","""17"""
"""103""","""用户103""","""user103@example.com""","""18"""
"""104""","""用户104""","""user104@example.com""","""19"""
"""105""","""用户105""","""user105@example.com""","""20"""
"""106""","""用户106""","""user106@example.com""","""21"""
"""107""","""用户107""","""user107@example.com""","""22"""
"""108""","""用户108""","""user108@example.com""","""23"""
"""109""","""用户109""","""user109@example.com""","""24"""
"""110""","""用户110""","""user110@example.com""","""25"""
"""111""","""用户111""","""user111@example.com""","""26"""
"""112""","""用户112""","""user112@example.com""","""27"""
"""113""","""用户113""","""user113@example.com""","""28"""
"""114""","""用户114""","""user114@example.com""","""29"""
"""115""","""用户115""","""user115@example.com""","""30"""
"""116""","""用户116""","""user116@example.com""","""31"""
"""117""","""用户117""","""user117@example.com""","""32"""
"""118""","""用户118""","""user118@example.com""","""33"""
"""119""","""用户119""","""user119@example.com""","""34"""
"""120""","""用户120""","""user120@example.com""","""35"""
"""121""","""用户121""","""user121@example.com""","""36"""
"""122""","""用户122""","""user122@example.com""","""37"""
"""123""","""用户123""","""user123@example.com""","""38"""
"""124""","""用户124""","""user124@example.com""","""39"""
"""125""","""用户125""","""user125@example.com""","""40"""
"""126""","""用户126""","""user126@example.com""","""41"""
"""127""","""用户127""","""user127@example.com""","""42"""
"""128""","""用户128""","""user128@example.com""","""43"""
"""129""","""用户129""","""user129@example.com""","""44"""
"""130""","""用户130""","""user130@example.com""","""45"""
"""131""","""用户131""","""user131@example.com""","""46"""
"""132""","""用户132""","""user132@example.com""","""47"""
"""133""","""用户133""","""user133@example.com""","""48"""
"""134""","""用户134""","""user134@example.com""","""49"""
"""135""","""用户135""","""user135@example.com""","""50"""
"""136""","""用户136""","""user136@example.com""","""51"""
"""137""","""用户137""","""user137@example.com""","""52"""
"""138""","""用户138""","""user138@example.com""","""53"""
"""139""","""用户139""","""user139@example.com""","""54"""
"""140""","""用户140""","""user140@example.com""","""55"""
"""141""","""用户141""","""user141@example.com""","""56"""
"""142""","""用户142""","""user142@example.com""","""57"""
"""143""","""用户143""","""user143@example.com""","""58"""
"""144""","""用户144""","""user144@example.com""","""59"""
"""145""","""用户145""","""user145@example.com""","""60"""
"""146""","""用户146""","""user146@example.com""","""61"""
"""147""","""用户147""","""user147@example.com""","""62"""
"""148""","""用户148""","""user148@example.com""","""63"""
"""149""","""用户149""","""user149@example.com""","""64"""
"""150""","""用户150""","""user150@example.com""","""15"""
"""151""","""用户151""","""user151@example.com""","""16"""
"""152""","""用户152""","""user152@example.com""","""17"""
"""153""","""用户153""","""user153@example.com""","""18"""
"""154""","""用户154""","""user154@example.com""","""19"""
"""155""","""用户155""","""user155@example.com""","""20"""
"""156""","""用户156""","""user156@example.com""","""21"""
"""157""","""用户157""","""user157@example.com""","""22"""
"""158""","""用户158""","""user158@example.com""","""23"""
"""159""","""用户159""","""user159@example.com""","""24"""
"""160""","""用户160""","""user160@example.com""","""25"""
"""161""","""用户161""","""user161@example.com""","""26"""
"""162""","""用户162""","""user162@example.com""","""27"""
"""163""","""用户163""","""user163@example.com""","""28"""
"""164""","""用户164""","""user164@example.com""","""29"""
"""165""","""用户165""","""user165@example.com""","""30"""
"""166""","""用户166""","""user166@example.com""","""31"""
"""167""","""用户167""","""user167@example.com""","""32"""
"""168""","""用户168""","""user168@example.com""","""33"""
"""169""","""用户169""","""user169@example.com""","""34"""
"""170""","""用户170""","""user170@example.com""","""35"""
"""171""","""用户171""","""user171@example.com""","""36"""
"""172""","""用户172""","""user172@example.com""","""37"""
"""173""","""用户173""","""user173@example.com""","""38"""
"""174""","""用户174""","""user174@example.com""","""39"""
"""175""","""用户175""","""user175@example.com""","""40"""
"""176""","""用户176""","""user176@example.com""","""41"""
"""177""","""用户177""","""user177@example.com""","""42"""
"""178""","""用户178""","""user178@example.com""","""43"""
"""179""","""用户179""","""user179@example.com""","""44"""
"""180""","""用户180""","""user180@example.com""","""45"""
"""181""","""用户181""","""user181@example.com""","""46"""
"""182""","""用户182""","""user182@example.com""","""47"""
"""183""","""用户183""","""user183@example.com""","""48"""
"""184""","""用户184""","""user184@example.com""","""49"""
"""185""","""用户185""","""user185@example.com""","""50"""
"""186""","""用户186""","""user186@example.com""","""51"""
"""187""","""用户187""","""user187@example.com""","""52"""
"""188""","""用户188""","""user188@example.com""","""53"""
"""189""","""用户189""","""user189@example.com""","""54"""
"""190""","""用户190""","""user190@example.com""","""55"""
"""191""","""用户191""","""user191@example.com""","""56"""
"""192""","""用户192""","""user192@example.com""","""57"""
"""193""","""用户193""","""user193@example.com""","""58"""
"""194""","""用户194""","""user194@example.com""","""59"""
"""195""","""用户195""","""user195@example.com""","""60"""
"""196""","""用户196""","""user196@example.com""","""61"""
"""197""","""用户197""","""user197@example.com""","""62"""
"""198""","""用户198""","""user198@example.com""","""63"""
"""199""","""用户199""","""user199@example.com""","""64"""
"""200""","""用户200""","""user200@example.com""","""15"""
"""201""","""用户201""","""user201@example.com""","""16"""
"""202""","""用户202""","""user202@example.com""","""17"""
"""203""","""用户203""","""user203@example.com""","""18"""
"""204""","""用户204""","""user204@example.com""","""19"""
"""205""","""用户205""","""user205@example.com""","""20"""
"""206""","""用户206""","""user206@example.com""","""21"""
"""207""","""用户207""","""user207@example.com""","""22"""
"""208""","""用户208""","""user208@example.com""","""23"""
"""209""","""用户209""","""user209@example.com""","""24"""
"""210""","""用户210""","""user210@example.com""","""25"""
"""211""","""用户211""","""user211@example.com""","""26"""
"""212""","""用户212""","""user212@example.com""","""27"""
"""213""","""用户213""","""user213@example.com""","""28"""
"""214""","""用户214""","""user214@example.com""","""29"""
"""215""","""用户215""","""user215@example.com""","""30"""
"""216""","""用户216""","""user216@example.com""","""31"""
"""217""","""用户217""","""user217@example.com""","""32"""
"""218""","""用户218""","""user218@example.com""","""33"""
"""219""","""用户219""","""user219@example.com""","""34"""
"""220""","""用户220""","""user220@example.com""","""35"""
"""221""","""用户221""","""user221@example.com""","""36"""
"""222""","""用户222""","""user222@example.com""","""37"""
"""223""","""用户223""","""user223@example.com""","""38"""
"""224""","""用户224""","""user224@example.com""","""39"""
"""225""","""用户225""","""user225@example.com""","""40"""
"""226""","""用户226""","""user226@example.com""","""41"""
"""227""","""用户227""","""user227@example.com""","""42"""
"""228""","""用户228""","""user228@example.com""","""43"""
"""229""","""用户229""","""user229@example.com""","""44"""
"""230""","""用户230""","""user230@example.com""","""45"""
"""231""","""用户231""","""user231@example.com""","""46"""
"""232""","""用户232""","""user232@example.com""","""47"""
"""233""","""用户233""","""user233@example.com""","""48"""
"""234""","""用户234""","""user234@example.com""","""49"""
"""235""","""用户235""","""user235@example.com""","""50"""
"""236""","""用户236""","""user236@example.com""","""51"""
"""237""","""用户237""","""user237@example.com""","""52"""
"""238""","""用户238""","""user238@example.com""","""53"""
"""239""","""用户239""","""user239@example.com""","""54"""
"""240""","""用户240""","""user240@example.com""","""55"""
"""241""","""用户241""","""user241@example.com""","""56"""
"""242""","""用户242""","""user242@example.com""","""57"""
"""243""","""用户243""","""user243@example.com""","""58"""
"""244""","""用户244""","""user244@example.com""","""59"""
"""245""","""用户245""","""user245@example.com""","""60"""
"""246""","""用户246""","""user246@example.com""","""61"""
"""247""","""用户247""","""user247@example.com""","""62"""
"""248""","""用户248""","""user248@example.com""","""63"""
"""249""","""用户249""","""user249@example.com""","""64"""
"""250""","""用户250""","""user250@example.com""","""15"""
"""251""","""用户251""","""user251@example.com""","""16"""
"""252""","""用户252""","""user252@example.com""","""17"""
"""253""","""用户253""","""user253@example.com""","""18"""
"""254""","""用户254""","""user254@example.com""","""19"""
"""255""","""用户255""","""user255@example.com""","""20"""
"""256""","""用户256""","""user256@example.com""","""21"""
"""257""","""用户257""","""user257@example.com""","""22"""
"""258""","""用户258""","""user258@example.com""","""23"""
"""259""","""用户259""","""user259@example.com""","""24"""
"""260""","""用户260""","""user260@example.com""","""25"""
"""261""","""用户261""","""user261@example.com""","""26"""
"""262""","""用户262""","""user262@example.com""","""27"""
"""263""","""用户263""","""user263@example.com""","""28"""
"""264""","""用户264""","""user264@example.com""","""29"""
"""265""","""用户265""","""user265@example.com""","""30"""
"""266""","""用户266""","""user266@example.com""","""31"""
"""267""","""用户267""","""user267@example.com""","""32"""
"""268""","""用户268""","""user268@example.com""","""33"""
"""269""","""用户269""","""user269@example.com""","""34"""
"""270""","""用户270""","""user270@example.com""","""35"""
"""271""","""用户271""","""user271@example.com""","""36"""
"""272""","""用户272""","""user272@example.com""","""37"""
"""273""","""用户273""","""user273@example.com""","""38"""
"""274""","""用户274""","""user274@example.com""","""39"""
"""275""","""用户275""","""user275@example.com""","""40"""
"""276""","""用户276""","""user276@example.com""","""41"""
"""277""","""用户277""","""user277@example.com""","""42"""
"""278""","""用户278""","""user278@example.com""","""43"""
"""279""","""用户279""","""user279@example.com""","""44"""
"""280""","""用户280""","""user280@example.com""","""45"""
"""281""","""用户281""","""user281@example.com""","""46"""
"""282""","""用户282""","""user282@example.com""","""47"""
"""283""","""用户283""","""user283@example.com""","""48"""
"""284""","""用户284""","""user284@example.com""","""49"""
"""285""","""用户285""","""user285@example.com""","""50"""
"""286""","""用户286""","""user286@example.com""","""51"""
"""287""","""用户287""","""user287@example.com""","""52"""
"""288""","""用户288""","""user288@example.com""","""53"""
"""289""","""用户289""","""user289@example.com""","""54"""
"""290""","""用户290""","""user290@example.com""","""55"""
"""291""","""用户291""","""user291@example.com""","""56"""
"""292""","""用户292""","""user292@example.com""","""57"""
"""293""","""用户293""","""user293@example.com""","""58"""
"""294""","""用户294""","""user294@example.com""","""59"""
"""295""","""用户295""","""user295@example.com""","""60"""
"""296""","""用户296""","""user296@example.com""","""61"""
"""297""","""用户297""","""user297@example.com""","""62"""
"""298""","""用户298""","""user298@example.com""","""63"""
"""299""","""用户299""","""user299@example.com""","""64"""
"""300""","""用户300""","""user300@example.com""","""15"""
"""301""","""用户301""","""user301@example.com""","""16"""
"""302""","""用户302""","""user302@example.com""","""17"""
"""303""","""用户303""","""user303@example.com""","""18"""
"""304""","""用户304""","""user304@example.com""","""19"""
"""305""","""用户305""","""user305@example.com""","""20"""
"""306""","""用户306""","""user306@example.com""","""21"""
"""307""","""用户307""","""user307@example.com""","""22"""
"""308""","""用户308""","""user308@example.com""","""23"""
"""309""","""用户309""","""user309@example.com""","""24"""
"""310""","""用户310""","""user310@example.com""","""25"""
"""311""","""用户311""","""user311@example.com""","""26"""
"""312""","""用户312""","""user312@example.com""","""27"""
"""313""","""用户313""","""user313@example.com""","""28"""
"""314""","""用户314""","""user314@example.com""","""29"""
"""315""","""用户315""","""user315@example.com""","""30"""
"""316""","""用户316""","""user316@example.com""","""31"""
"""317""","""用户317""","""user317@example.com""","""32"""
"""318""","""用户318""","""user318@example.com""","""33"""
"""319""","""用户319""","""user319@example.com""","""34"""
"""320""","""用户320""","""user320@example.com""","""35"""
"""321""","""用户321""","""user321@example.com""","""36"""
"""322""","""用户322""","""user322@example.com""","""37"""
"""323""","""用户323""","""user323@example.com""","""38"""
"""324""","""用户324""","""user324@example.com""","""39"""
"""325""","""用户325""","""user325@example.com""","""40"""
"""326""","""用户326""","""user326@example.com""","""41"""
"""327""","""用户327""","""user327@example.com""","""42"""
"""328""","""用户328""","""user328@example.com""","""43"""
"""329""","""用户329""","""user329@example.com""","""44"""
"""330""","""用户330""","""user330@example.com""","""45"""
"""331""","""用户331""","""user331@example.com""","""46"""
"""332""","""用户332""","""user332@example.com""","""47"""
"""333""","""用户333""","""user333@example.com""","""48"""
"""334""","""用户334""","""user334@example.com""","""49"""
"""335""","""用户335""","""user335@example.com""","""50"""
"""336""","""用户336""","""user336@example.com""","""51"""
"""337""","""用户337""","""user337@example.com""","""52"""
"""338""","""用户338""","""user338@example.com""","""53"""
"""339""","""用户339""","""user339@example.com""","""54"""
"""340""","""用户340""","""user340@example.com""","""55"""
"""341""","""用户341""","""user341@example.com""","""56"""
"""342""","""用户342""","""user342@example.com""","""57"""
"""343""","""用户343""","""user343@example.com""","""58"""
"""344""","""用户344""","""user344@example.com""","""59"""
"""345""","""用户345""","""user345@example.com""","""60"""
"""346""","""用户346""","""user346@example.com""","""61"""
"""347""","""用户347""","""user347@example.com""","""62"""
"""348""","""用户348""","""user348@example.com""","""63"""
"""349""","""用户349""","""user349@example.com""","""64"""
"""350""","""用户350""","""user350@example.com""","""15"""
"""351""","""用户351""","""user351@example.com""","""16"""
"""352""","""用户352""","""user352@example.com""","""17"""
"""353""","""用户353""","""user353@example.com""","""18"""
"""354""","""用户354""","""user354@example.com""","""19"""
"""355""","""用户355""","""user355@example.com""","""20"""
"""356""","""用户356""","""user356@example.com""","""21"""
"""357""","""用户357""","""user357@example.com""","""22"""
"""358""","""用户358""","""user358@example.com""","""23"""
"""359""","""用户359""","""user359@example.com""","""24"""
"""360""","""用户360""","""user360@example.com""","""25"""
"""361""","""用户361""","""user361@example.com""","""26"""
"""362""","""用户362""","""user362@example.com""","""27"""
"""363""","""用户363""","""user363@example.com""","""28"""
"""364""","""用户364""","""user364@example.com""","""29"""
"""365""","""用户365""","""user365@example.com""","""30"""
"""366""","""用户366""","""user366@example.com""","""31"""
"""367""","""用户367""","""user367@example.com""","""32"""
"""368""","""用户368""","""user368@example.com""","""33"""
"""369""","""用户369""","""user369@example.com""","""34"""
"""370""","""用户370""","""user370@example.com""","""35"""
"""371""","""用户371""","""user371@example.com""","""36"""
"""372""","""用户372""","""user372@example.com""","""37"""
"""373""","""用户373""","""user373@example.com""","""38"""
"""374""","""用户374""","""user374@example.com""","""39"""
"""375""","""用户375""","""user375@example.com""","""40"""
"""376""","""用户376""","""user376@example.com""","""41"""
"""377""","""用户377""","""user377@example.com""","""42"""
"""378""","""用户378""","""user378@example.com""","""43"""
"""379""","""用户379""","""user379@example.com""","""44"""
"""380""","""用户380""","""user380@example.com""","""45"""
"""381""","""用户381""","""user381@example.com""","""46"""
"""382""","""用户382""","""user382@example.com""","""47"""
"""383""","""用户383""","""user383@example.com""","""48"""
"""384""","""用户384""","""user384@example.com""","""49"""
"""385""","""用户385""","""user385@example.com""","""50"""
"""386""","""用户386""","""user386@example.com""","""51"""
"""387""","""用户387""","""user387@example.com""","""52"""
"""388""","""用户388""","""user388@example.com""","""53"""
"""389""","""用户389""","""user389@example.com""","""54"""
"""390""","""用户390""","""user390@example.com""","""55"""
"""391""","""用户391""","""user391@example.com""","""56"""
"""392""","""用户392""","""user392@example.com""","""57"""
"""393""","""用户393""","""user393@example.com""","""58"""
"""394""","""用户394""","""user394@example.com""","""59"""
"""395""","""用户395""","""user395@example.com""","""60"""
"""396""","""用户396""","""user396@example.com""","""61"""
"""397""","""用户397""","""user397@example.com""","""62"""
"""398""","""用户398""","""user398@example.com""","""63"""
"""399""","""用户399""","""user399@example.com""","""64"""
"""400""","""用户400""","""user400@example.com""","""15"""
"""401""","""用户401""","""user401@example.com""","""16"""
"""402""","""用户402""","""user402@example.com""","""17"""
"""403""","""用户403""","""user403@example.com""","""18"""
"""404""","""用户404""","""user404@example.com""","""19"""
"""405""","""用户405""","""user405@example.com""","""20"""
"""406""","""用户406""","""user406@example.com""","""21"""
"""407""","""用户407""","""user407@example.com""","""22"""
"""408""","""用户408""","""user408@example.com""","""23"""
"""409""","""用户409""","""user409@example.com""","""24"""
"""410""","""用户410""","""user410@example.com""","""25"""
"""411""","""用户411""","""user411@example.com""","""26"""
"""412""","""用户412""","""user412@example.com""","""27"""
"""413""","""用户413""","""user413@example.com""","""28"""
"""414""","""用户414""","""user414@example.com""","""29"""
"""415""","""用户415""","""user415@example.com""","""30"""
"""416""","""用户416""","""user416@example.com""","""31"""
"""417""","""用户417""","""user417@example.com""","""32"""
"""418""","""用户418""","""user418@example.com""","""33"""
"""419""","""用户419""","""user419@example.com""","""34"""
"""420""","""用户420""","""user420@example.com""","""35"""
"""421""","""用户421""","""user421@example.com""","""36"""
"""422""","""用户422""","""user422@example.com""","""37"""
"""423""","""用户423""","""user423@example.com""","""38"""
"""424""","""用户424""","""user424@example.com""","""39"""
"""425""","""用户425""","""user425@example.com""","""40"""
"""426""","""用户426""","""user426@example.com""","""41"""
"""427""","""用户427""","""user427@example.com""","""42"""
"""428""","""用户428""","""user428@example.com""","""43"""
"""429""","""用户429""","""user429@example.com""","""44"""
"""430""","""用户430""","""user430@example.com""","""45"""
"""431""","""用户431""","""user431@example.com""","""46"""
"""432""","""用户432""","""user432@example.com""","""47"""
"""433""","""用户433""","""user433@example.com""","""48"""
"""434""","""用户434""","""user434@example.com""","""49"""
"""435""","""用户435""","""user435@example.com""","""50"""
"""436""","""用户436""","""user436@example.com""","""51"""
"""437""","""用户437""","""user437@example.com""","""52"""
"""438""","""用户438""","""user438@example.com""","""53"""
"""439""","""用户439""","""user439@example.com""","""54"""
"""440""","""用户440""","""user440@example.com""","""55"""
"""441""","""用户441""","""user441@example.com""","""56"""
"""442""","""用户442""","""user442@example.com""","""57"""
"""443""","""用户443""","""user443@example.com""","""58"""
"""444""","""用户444""","""user444@example.com""","""59"""
"""445""","""用户445""","""user445@example.com""","""60"""
"""446""","""用户446""","""user446@example.com""","""61"""
"""447""","""用户447""","""user447@example.com""","""62"""
"""448""","""用户448""","""user448@example.com""","""63"""
"""449""","""用户449""","""user449@example.com""","""64"""
"""450""","""用户450""","""user450@example.com""","""15"""
"""451""","""用户451""","""user451@example.com""","""16"""
"""452""","""用户452""","""user452@example.com""","""17"""
"""453""","""用户453""","""user453@example.com""","""18"""
"""454""","""用户454""","""user454@example.com""","""19"""
"""455""","""用户455""","""user455@example.com""","""20"""
"""456""","""用户456""","""user456@example.com""","""21"""
"""457""","""用户457""","""user457@example.com""","""22"""
"""458""","""用户458""","""user458@example.com""","""23"""
"""459""","""用户459""","""user459@example.com""","""24"""
"""460""","""用户460""","""user460@example.com""","""25"""
"""461""","""用户461""","""user461@example.com""","""26"""
"""462""","""用户462""","""user462@example.com""","""27"""
"""463""","""用户463""","""user463@example.com""","""28"""
"""464""","""用户464""","""user464@example.com""","""29"""
"""465""","""用户465""","""user465@example.com""","""30"""
"""466""","""用户466""","""user466@example.com""","""31"""
"""467""","""用户467""","""user467@example.com""","""32"""
"""468""","""用户468""","""user468@example.com""","""33"""
"""469""","""用户469""","""user469@example.com""","""34"""
"""470""","""用户470""","""user470@example.com""","""35"""
"""471""","""用户471""","""user471@example.com""","""36"""
"""472""","""用户472""","""user472@example.com""","""37"""
"""473""","""用户473""","""user473@example.com""","""38"""
"""474""","""用户474""","""user474@example.com""","""39"""
"""475""","""用户475""","""user475@example.com""","""40"""
"""476""","""用户476""","""user476@example.com""","""41"""
"""477""","""用户477""","""user477@example.com""","""42"""
"""478""","""用户478""","""user478@example.com""","""43"""
"""479""","""用户479""","""user479@example.com""","""44"""
"""480""","""用户480""","""user480@example.com""","""45"""
"""481""","""用户481""","""user481@example.com""","""46"""
"""482""","""用户482""","""user482@example.com""","""47"""
"""483""","""用户483""","""user483@example.com""","""48"""
"""484""","""用户484""","""user484@example.com""","""49"""
"""485""","""用户485""","""user485@example.com""","""50"""
"""486""","""用户486""","""user486@example.com""","""51"""
"""487""","""用户487""","""user487@example.com""","""52"""
"""488""","""用户488""","""user488@example.com""","""53"""
"""489""","""用户489""","""user489@example.com""","""54"""
"""490""","""用户490""","""user490@example.com""","""55"""
"""491""","""用户491""","""user491@example.com""","""56"""
"""492""","""用户492""","""user492@example.com""","""57"""
"""493""","""用户493""","""user493@example.com""","""58"""
"""494""","""用户494""","""user494@example.com""","""59"""
"""495""","""用户495""","""user495@example.com""","""60"""
"""496""","""用户496""","""user496@example.com""","""61"""
"""497""","""用户497""","""user497@example.com""","""62"""
"""498""","""用户498""","""user498@example.com""","""63"""
"""499""","""用户499""","""user499@example.com""","""64"""
"""500""","""用户500""","""user500@example.com""","""15"""
"""501""","""用户501""","""user501@example.com""","""16"""
"""502""","""用户502""","""user502@example.com""","""17"""
"""503""","""用户503""","""user503@example.com""","""18"""
"""504""","""用户504""","""user504@example.com""","""19"""
"""505""","""用户505""","""user505@example.com""","""20"""
"""506""","""用户506""","""user506@example.com""","""21"""
"""507""","""用户507""","""user507@example.com""","""22"""
"""508""","""用户508""","""user508@example.com""","""23"""
"""509""","""用户509""","""user509@example.com""","""24"""
"""510""","""用户510""","""user510@example.com""","""25"""
"""511""","""用户511""","""user511@example.com""","""26"""
"""512""","""用户512""","""user512@example.com""","""27"""
"""513""","""用户513""","""user513@example.com""","""28"""
"""514""","""用户514""","""user514@example.com""","""29"""
"""515""","""用户515""","""user515@example.com""","""30"""
"""516""","""用户516""","""user516@example.com""","""31"""
"""517""","""用户517""","""user517@example.com""","""32"""
"""518""","""用户518""","""user518@example.com""","""33"""
"""519""","""用户519""","""user519@example.com""","""34"""
"""520""","""用户520""","""user520@example.com""","""35"""
"""521""","""用户521""","""user521@example.com""","""36"""
"""522""","""用户522""","""user522@example.com""","""37"""
"""523""","""用户523""","""user523@example.com""","""38"""
"""524""","""用户524""","""user524@example.com""","""39"""
"""525""","""用户525""","""user525@example.com""","""40"""
"""526""","""用户526""","""user526@example.com""","""41"""
"""527""","""用户527""","""user527@example.com""","""42"""
"""528""","""用户528""","""user528@example.com""","""43"""
"""529""","""用户529""","""user529@example.com""","""44"""
"""530""","""用户530""","""user530@example.com""","""45"""
"""531""","""用户531""","""user531@example.com""","""46"""
"""532""","""用户532""","""user532@example.com""","""47"""
"""533""","""用户533""","""user533@example.com""","""48"""
"""534""","""用户534""","""user534@example.com""","""49"""
"""535""","""用户535""","""user535@example.com""","""50"""
"""536""","""用户536""","""user536@example.com""","""51"""
"""537""","""用户537""","""user537@example.com""","""52"""
"""538""","""用户538""","""user538@example.com""","""53"""
"""539""","""用户539""","""user539@example.com""","""54"""
"""540""","""用户540""","""user540@example.com""","""55"""
"""541""","""用户541""","""user541@example.com""","""56"""
"""542""","""用户542""","""user542@example.com""","""57"""
"""543""","""用户543""","""user543@example.com""","""58"""
"""544""","""用户544""","""user544@example.com""","""59"""
"""545""","""用户545""","""user545@example.com""","""60"""
"""546""","""用户546""","""user546@example.com""","""61"""
"""547""","""用户547""","""user547@example.com""","""62"""
"""548""","""用户548""","""user548@example.com""","""63"""
"""549""","""用户549""","""user549@example.com""","""64"""
"""550""","""用户550""","""user550@example.com""","""15"""
"""551""","""用户551""","""user551@example.com""","""16"""
"""552""","""用户552""","""user552@example.com""","""17"""
"""553""","""用户553""","""user553@example.com""","""18"""
"""554""","""用户554""","""user554@example.com""","""19"""
"""555""","""用户555""","""user555@example.com""","""20"""
"""556""","""用户556""","""user556@example.com""","""21"""
"""557""","""用户557""","""user557@example.com""","""22"""
"""558""","""用户558""","""user558@example.com""","""23"""
"""559""","""用户559""","""user559@example.com""","""24"""
"""560""","""用户560""","""user560@example.com""","""25"""
"""561""","""用户561""","""user561@example.com""","""26"""
"""562""","""用户562""","""user562@example.com""","""27"""
"""563""","""用户563""","""user563@example.com""","""28"""
"""564""","""用户564""","""user564@example.com""","""29"""
"""565""","""用户565""","""user565@example.com""","""30"""
"""566""","""用户566""","""user566@example.com""","""31"""
"""567""","""用户567""","""user567@example.com""","""32"""
"""568""","""用户568""","""user568@example.com""","""33"""
"""569""","""用户569""","""user569@example.com""","""34"""
"""570""","""用户570""","""user570@example.com""","""35"""
"""571""","""用户571""","""user571@example.com""","""36"""
"""572""","""用户572""","""user572@example.com""","""37"""
"""573""","""用户573""","""user573@example.com""","""38"""
"""574""","""用户574""","""user574@example.com""","""39"""
"""575""","""用户575""","""user575@example.com""","""40"""
"""576""","""用户576""","""user576@example.com""","""41"""
"""577""","""用户577""","""user577@example.com""","""42"""
"""578""","""用户578""","""user578@example.com""","""43"""
"""579""","""用户579""","""user579@example.com""","""44"""
"""580""","""用户580""","""user580@example.com""","""45"""
"""581""","""用户581""","""user581@example.com""","""46"""
"""582""","""用户582""","""user582@example.com""","""47"""
"""583""","""用户583""","""user583@example.com""","""48"""
"""584""","""用户584""","""user584@example.com""","""49"""
"""585""","""用户585""","""user585@example.com""","""50"""
"""586""","""用户586""","""user586@example.com""","""51"""
"""587""","""用户587""","""user587@example.com""","""52"""
"""588""","""用户588""","""user588@example.com""","""53"""
"""589""","""用户589""","""user589@example.com""","""54"""
"""590""","""用户590""","""user590@example.com""","""55"""
"""591""","""用户591""","""user591@example.com""","""56"""
"""592""","""用户592""","""user592@example.com""","""57"""
"""593""","""用户593""","""user593@example.com""","""58"""
"""594""","""用户594""","""user594@example.com""","""59"""
"""595""","""用户595""","""user595@example.com""","""60"""
"""596""","""用户596""","""user596@example.com""","""61"""
"""597""","""用户597""","""user597@example.com""","""62"""
"""598""","""用户598""","""user598@example.com""","""63"""
"""599""","""用户599""","""user599@example.com""","""64"""
"""600""","""用户600""","""user600@example.com""","""15"""
"""601""","""用户601""","""user601@example.com""","""16"""
"""602""","""用户602""","""user602@example.com""","""17"""
"""603""","""用户603""","""user603@example.com""","""18"""
"""604""","""用户604""","""user604@example.com""","""19"""
"""605""","""用户605""","""user605@example.com""","""20"""
"""606""","""用户606""","""user606@example.com""","""21"""
"""607""","""用户607""","""user607@example.com""","""22"""
"""608""","""用户608""","""user608@example.com""","""23"""
"""609""","""用户609""","""user609@example.com""","""24"""
"""610""","""用户610""","""user610@example.com""","""25"""
"""611""","""用户611""","""user611@example.com""","""26"""
"""612""","""用户612""","""user612@example.com""","""27"""
"""613""","""用户613""","""user613@example.com""","""28"""
"""614""","""用户614""","""user614@example.com""","""29"""
"""615""","""用户615""","""user615@example.com""","""30"""
"""616""","""用户616""","""user616@example.com""","""31"""
"""617""","""用户617""","""user617@example.com""","""32"""
"""618""","""用户618""","""user618@example.com""","""33"""
"""619""","""用户619""","""user619@example.com""","""34"""
"""620""","""用户620""","""user620@example.com""","""35"""
"""621""","""用户621""","""user621@example.com""","""36"""
"""622""","""用户622""","""user622@example.com""","""37"""
"""623""","""用户623""","""user623@example.com""","""38"""
"""624""","""用户624""","""user624@example.com""","""39"""
"""625""","""用户625""","""user625@example.com""","""40"""
"""626""","""用户626""","""user626@example.com""","""41"""
"""627""","""用户627""","""user627@example.com""","""42"""
"""628""","""用户628""","""user628@example.com""","""43"""
"""629""","""用户629""","""user629@example.com""","""44"""
"""630""","""用户630""","""user630@example.com""","""45"""
"""631""","""用户631""","""user631@example.com""","""46"""
"""632""","""用户632""","""user632@example.com""","""47"""
"""633""","""用户633""","""user633@example.com""","""48"""
"""634""","""用户634""","""user634@example.com""","""49"""
"""635""","""用户635""","""user635@example.com""","""50"""
"""636""","""用户636""","""user636@example.com""","""51"""
"""637""","""用户637""","""user637@example.com""","""52"""
"""638""","""用户638""","""user638@example.com""","""53"""
"""639""","""用户639""","""user639@example.com""","""54"""
"""640""","""用户640""","""user640@example.com""","""55"""
"""641""","""用户641""","""user641@example.com""","""56"""
"""642""","""用户642""","""user642@example.com""","""57"""
"""643""","""用户643""","""user643@example.com""","""58"""
"""644""","""用户644""","""user644@example.com""","""59"""
"""645""","""用户645""","""user645@example.com""","""60"""
"""646""","""用户646""","""user646@example.com""","""61"""
"""647""","""用户647""","""user647@example.com""","""62"""
"""648""","""用户648""","""user648@example.com""","""63"""
"""649""","""用户649""","""user649@example.com""","""64"""
"""650""","""用户650""","""user650@example.com""","""15"""
"""651""","""用户651""","""user651@example.com""","""16"""
"""652""","""用户652""","""user652@example.com""","""17"""
"""653""","""用户653""","""user653@example.com""","""18"""
"""654""","""用户654""","""user654@example.com""","""19"""
"""655""","""用户655""","""user655@example.com""","""20"""
"""656""","""用户656""","""user656@example.com""","""21"""
"""657""","""用户657""","""user657@example.com""","""22"""
"""658""","""用户658""","""user658@example.com""","""23"""
"""659""","""用户659""","""user659@example.com""","""24"""
"""660""","""用户660""","""user660@example.com""","""25"""
"""661""","""用户661""","""user661@example.com""","""26"""
"""662""","""用户662""","""user662@example.com""","""27"""
"""663""","""用户663""","""user663@example.com""","""28"""
"""664""","""用户664""","""user664@example.com""","""29"""
"""665""","""用户665""","""user665@example.com""","""30"""
"""666""","""用户666""","""user666@example.com""","""31"""
"""667""","""用户667""","""user667@example.com""","""32"""
"""668""","""用户668""","""user668@example.com""","""33"""
"""669""","""用户669""","""user669@example.com""","""34"""
"""670""","""用户670""","""user670@example.com""","""35"""
"""671""","""用户671""","""user671@example.com""","""36"""
"""672""","""用户672""","""user672@example.com""","""37"""
"""673""","""用户673""","""user673@example.com""","""38"""
"""674""","""用户674""","""user674@example.com""","""39"""
"""675""","""用户675""","""user675@example.com""","""40"""
"""676""","""用户676""","""user676@example.com""","""41"""
"""677""","""用户677""","""user677@example.com""","""42"""
"""678""","""用户678""","""user678@example.com""","""43"""
"""679""","""用户679""","""user679@example.com""","""44"""
"""680""","""用户680""","""user680@example.com""","""45"""
"""681""","""用户681""","""user681@example.com""","""46"""
"""682""","""用户682""","""user682@example.com""","""47"""
"""683""","""用户683""","""user683@example.com""","""48"""
"""684""","""用户684""","""user684@example.com""","""49"""
"""685""","""用户685""","""user685@example.com""","""50"""
"""686""","""用户686""","""user686@example.com""","""51"""
"""687""","""用户687""","""user687@example.com""","""52"""
"""688""","""用户688""","""user688@example.com""","""53"""
"""689""","""用户689""","""user689@example.com""","""54"""
"""690""","""用户690""","""user690@example.com""","""55"""
"""691""","""用户691""","""user691@example.com""","""56"""
"""692""","""用户692""","""user692@example.com""","""57"""
"""693""","""用户693""","""user693@example.com""","""58"""
"""694""","""用户694""","""user694@example.com""","""59"""
"""695""","""用户695""","""user695@example.com""","""60"""
"""696""","""用户696""","""user696@example.com""","""61"""
"""697""","""用户697""","""user697@example.com""","""62"""
"""698""","""用户698""","""user698@example.com""","""63"""
"""699""","""用户699""","""user699@example.com""","""64"""
"""700""","""用户700""","""user700@example.com""","""15"""
"""701""","""用户701""","""user701@example.com""","""16"""
"""702""","""用户702""","""user702@example.com""","""17"""
"""703""","""用户703""","""user703@example.com""","""18"""
"""704""","""用户704""","""user704@example.com""","""19"""
"""705""","""用户705""","""user705@example.com""","""20"""
"""706""","""用户706""","""user706@example.com""","""21"""
"""707""","""用户707""","""user707@example.com""","""22"""
"""708""","""用户708""","""user708@example.com""","""23"""
"""709""","""用户709""","""user709@example.com""","""24"""
"""710""","""用户710""","""user710@example.com""","""25"""
"""711""","""用户711""","""user711@example.com""","""26"""
"""712""","""用户712""","""user712@example.com""","""27"""
"""713""","""用户713""","""user713@example.com""","""28"""
"""714""","""用户714""","""user714@example.com""","""29"""
"""715""","""用户715""","""user715@example.com""","""30"""
"""716""","""用户716""","""user716@example.com""","""31"""
"""717""","""用户717""","""user717@example.com""","""32"""
"""718""","""用户718""","""user718@example.com""","""33"""
"""719""","""用户719""","""user719@example.com""","""34"""
"""720""","""用户720""","""user720@example.com""","""35"""
"""721""","""用户721""","""user721@example.com""","""36"""
"""722""","""用户722""","""user722@example.com""","""37"""
"""723""","""用户723""","""user723@example.com""","""38"""
"""724""","""用户724""","""user724@example.com""","""39"""
"""725""","""用户725""","""user725@example.com""","""40"""
"""726""","""用户726""","""user726@example.com""","""41"""
"""727""","""用户727""","""user727@example.com""","""42"""
"""728""","""用户728""","""user728@example.com""","""43"""
"""729""","""用户729""","""user729@example.com""","""44"""
"""730""","""用户730""","""user730@example.com""","""45"""
"""731""","""用户731""","""user731@example.com""","""46"""
"""732""","""用户732""","""user732@example.com""","""47"""
"""733""","""用户733""","""user733@example.com""","""48"""
"""734""","""用户734""","""user734@example.com""","""49"""
"""735""","""用户735""","""user735@example.com""","""50"""
"""736""","""用户736""","""user736@example.com""","""51"""
"""737""","""用户737""","""user737@example.com""","""52"""
"""738""","""用户738""","""user738@example.com""","""53"""
"""739""","""用户739""","""user739@example.com""","""54"""
"""740""","""用户740""","""user740@example.com""","""55"""
"""741""","""用户741""","""user741@example.com""","""56"""
"""742""","""用户742""","""user742@example.com""","""57"""
"""743""","""用户743""","""user743@example.com""","""58"""
"""744""","""用户744""","""user744@example.com""","""59"""
"""745""","""用户745""","""user745@example.com""","""60"""
"""746""","""用户746""","""user746@example.com""","""61"""
"""747""","""用户747""","""user747@example.com""","""62"""
"""748""","""用户748""","""user748@example.com""","""63"""
"""749""","""用户749""","""user749@example.com""","""64"""
"""750""","""用户750""","""user750@example.com""","""15"""
"""751""","""用户751""","""user751@example.com""","""16"""
"""752""","""用户752""","""user752@example.com""","""17"""
"""753""","""用户753""","""user753@example.com""","""18"""
"""754""","""用户754""","""user754@example.com""","""19"""
"""755""","""用户755""","""user755@example.com""","""20"""
"""756""","""用户756""","""user756@example.com""","""21"""
"""757""","""用户757""","""user757@example.com""","""22"""
"""758""","""用户758""","""user758@example.com""","""23"""
"""759""","""用户759""","""user759@example.com""","""24"""
"""760""","""用户760""","""user760@example.com""","""25"""
"""761""","""用户761""","""user761@example.com""","""26"""
"""762""","""用户762""","""user762@example.com""","""27"""
"""763""","""用户763""","""user763@example.com""","""28"""
"""764""","""用户764""","""user764@example.com""","""29"""
"""765""","""用户765""","""user765@example.com""","""30"""
"""766""","""用户766""","""user766@example.com""","""31"""
"""767""","""用户767""","""user767@example.com""","""32"""
"""768""","""用户768""","""user768@example.com""","""33"""
"""769""","""用户769""","""user769@example.com""","""34"""
"""770""","""用户770""","""user770@example.com""","""35"""
"""771""","""用户771""","""user771@example.com""","""36"""
"""772""","""用户772""","""user772@example.com""","""37"""
"""773""","""用户773""","""user773@example.com""","""38"""
"""774""","""用户774""","""user774@example.com""","""39"""
"""775""","""用户775""","""user775@example.com""","""40"""
"""776""","""用户776""","""user776@example.com""","""41"""
"""777""","""用户777""","""user777@example.com""","""42"""
"""778""","""用户778""","""user778@example.com""","""43"""
"""779""","""用户779""","""user779@example.com""","""44"""
"""780""","""用户780""","""user780@example.com""","""45"""
"""781""","""用户781""","""user781@example.com""","""46"""
"""782""","""用户782""","""user782@example.com""","""47"""
"""783""","""用户783""","""user783@example.com""","""48"""
"""784""","""用户784""","""user784@example.com""","""49"""
"""785""","""用户785""","""user785@example.com""","""50"""
"""786""","""用户786""","""user786@example.com""","""51"""
"""787""","""用户787""","""user787@example.com""","""52"""
"""788""","""用户788""","""user788@example.com""","""53"""
"""789""","""用户789""","""user789@example.com""","""54"""
"""790""","""用户790""","""user790@example.com""","""55"""
"""791""","""用户791""","""user791@example.com""","""56"""
"""792""","""用户792""","""user792@example.com""","""57"""
"""793""","""用户793""","""user793@example.com""","""58"""
"""794""","""用户794""","""user794@example.com""","""59"""
"""795""","""用户795""","""user795@example.com""","""60"""
"""796""","""用户796""","""user796@example.com""","""61"""
"""797""","""用户797""","""user797@example.com""","""62"""
"""798""","""用户798""","""user798@example.com""","""63"""
"""799""","""用户799""","""user799@example.com""","""64"""
"""800""","""用户800""","""user800@example.com""","""15"""
"""801""","""用户801""","""user801@example.com""","""16"""
"""802""","""用户802""","""user802@example.com""","""17"""
"""803""","""用户803""","""user803@example.com""","""18"""
"""804""","""用户804""","""user804@example.com""","""19"""
"""805""","""用户805""","""user805@example.com""","""20"""
"""806""","""用户806""","""user806@example.com""","""21"""
"""807""","""用户807""","""user807@example.com""","""22"""
"""808""","""用户808""","""user808@example.com""","""23"""
"""809""","""用户809""","""user809@example.com""","""24"""
"""810""","""用户810""","""user810@example.com""","""25"""
"""811""","""用户811""","""user811@example.com""","""26"""
"""812""","""用户812""","""user812@example.com""","""27"""
"""813""","""用户813""","""user813@example.com""","""28"""
"""814""","""用户814""","""user814@example.com""","""29"""
"""815""","""用户815""","""user815@example.com""","""30"""
"""816""","""用户816""","""user816@example.com""","""31"""
"""817""","""用户817""","""user817@example.com""","""32"""
"""818""","""用户818""","""user818@example.com""","""33"""
"""819""","""用户819""","""user819@example.com""","""34"""
"""820""","""用户820""","""user820@example.com""","""35"""
"""821""","""用户821""","""user821@example.com""","""36"""
"""822""","""用户822""","""user822@example.com""","""37"""
"""823""","""用户823""","""user823@example.com""","""38"""
"""824""","""用户824""","""user824@example.com""","""39"""
"""825""","""用户825""","""user825@example.com""","""40"""
"""826""","""用户826""","""user826@example.com""","""41"""
"""827""","""用户827""","""user827@example.com""","""42"""
"""828""","""用户828""","""user828@example.com""","""43"""
"""829""","""用户829""","""user829@example.com""","""44"""
"""830""","""用户830""","""user830@example.com""","""45"""
"""831""","""用户831""","""user831@example.com""","""46"""
"""832""","""用户832""","""user832@example.com""","""47"""
"""833""","""用户833""","""user833@example.com""","""48"""
"""834""","""用户834""","""user834@example.com""","""49"""
"""835""","""用户835""","""user835@example.com""","""50"""
"""836""","""用户836""","""user836@example.com""","""51"""
"""837""","""用户837""","""user837@example.com""","""52"""
"""838""","""用户838""","""user838@example.com""","""53"""
"""839""","""用户839""","""user839@example.com""","""54"""
"""840""","""用户840""","""user840@example.com""","""55"""
"""841""","""用户841""","""user841@example.com""","""56"""
"""842""","""用户842""","""user842@example.com""","""57"""
"""843""","""用户843""","""user843@example.com""","""58"""
"""844""","""用户844""","""user844@example.com""","""59"""
"""845""","""用户845""","""user845@example.com""","""60"""
"""846""","""用户846""","""user846@example.com""","""61"""
"""847""","""用户847""","""user847@example.com""","""62"""
"""848""","""用户848""","""user848@example.com""","""63"""
"""849""","""用户849""","""user849@example.com""","""64"""
"""850""","""用户850""","""user850@example.com""","""15"""
"""851""","""用户851""","""user851@example.com""","""16"""
"""852""","""用户852""","""user852@example.com""","""17"""
"""853""","""用户853""","""user853@example.com""","""18"""
"""854""","""用户854""","""user854@example.com""","""19"""
"""855""","""用户855""","""user855@example.com""","""20"""
"""856""","""用户856""","""user856@example.com""","""21"""
"""857""","""用户857""","""user857@example.com""","""22"""
"""858""","""用户858""","""user858@example.com""","""23"""
"""859""","""用户859""","""user859@example.com""","""24"""
"""860""","""用户860""","""user860@example.com""","""25"""
"""861""","""用户861""","""user861@example.com""","""26"""
"""862""","""用户862""","""user862@example.com""","""27"""
"""863""","""用户863""","""user863@example.com""","""28"""
"""864""","""用户864""","""user864@example.com""","""29"""
"""865""","""用户865""","""user865@example.com""","""30"""
"""866""","""用户866""","""user866@example.com""","""31"""
"""867""","""用户867""","""user867@example.com""","""32"""
"""868""","""用户868""","""user868@example.com""","""33"""
"""869""","""用户869""","""user869@example.com""","""34"""
"""870""","""用户870""","""user870@example.com""","""35"""
"""871""","""用户871""","""user871@example.com""","""36"""
"""872""","""用户872""","""user872@example.com""","""37"""
"""873""","""用户873""","""user873@example.com""","""38"""
"""874""","""用户874""","""user874@example.com""","""39"""
"""875""","""用户875""","""user875@example.com""","""40"""
"""876""","""用户876""","""user876@example.com""","""41"""
"""877""","""用户877""","""user877@example.com""","""42"""
"""878""","""用户878""","""user878@example.com""","""43"""
"""879""","""用户879""","""user879@example.com""","""44"""
"""880""","""用户880""","""user880@example.com""","""45"""
"""881""","""用户881""","""user881@example.com""","""46"""
"""882""","""用户882""","""user882@example.com""","""47"""
"""883""","""用户883""","""user883@example.com""","""48"""
"""884""","""用户884""","""user884@example.com""","""49"""
"""885""","""用户885""","""user885@example.com""","""50"""
"""886""","""用户886""","""user886@example.com""","""51"""
"""887""","""用户887""","""user887@example.com""","""52"""
"""888""","""用户888""","""user888@example.com""","""53"""
"""889""","""用户889""","""user889@example.com""","""54"""
"""890""","""用户890""","""user890@example.com""","""55"""
"""891""","""用户891""","""user891@example.com""","""56"""
"""892""","""用户892""","""user892@example.com""","""57"""
"""893""","""用户893""","""user893@example.com""","""58"""
"""894""","""用户894""","""user894@example.com""","""59"""
"""895""","""用户895""","""user895@example.com""","""60"""
"""896""","""用户896""","""user896@example.com""","""61"""
"""897""","""用户897""","""user897@example.com""","""62"""
"""898""","""用户898""","""user898@example.com""","""63"""
"""899""","""用户899""","""user899@example.com""","""64"""
"""900""","""用户900""","""user900@example.com""","""15"""
"""901""","""用户901""","""user901@example.com""","""16"""
"""902""","""用户902""","""user902@example.com""","""17"""
"""903""","""用户903""","""user903@example.com""","""18"""
"""904""","""用户904""","""user904@example.com""","""19"""
"""905""","""用户905""","""user905@example.com""","""20"""
"""906""","""用户906""","""user906@example.com""","""21"""
"""907""","""用户907""","""user907@example.com""","""22"""
"""908""","""用户908""","""user908@example.com""","""23"""
"""909""","""用户909""","""user909@example.com""","""24"""
"""910""","""用户910""","""user910@example.com""","""25"""
"""911""","""用户911""","""user911@example.com""","""26"""
"""912""","""用户912""","""user912@example.com""","""27"""
"""913""","""用户913""","""user913@example.com""","""28"""
"""914""","""用户914""","""user914@example.com""","""29"""
"""915""","""用户915""","""user915@example.com""","""30"""
"""916""","""用户916""","""user916@example.com""","""31"""
"""917""","""用户917""","""user917@example.com""","""32"""
"""918""","""用户918""","""user918@example.com""","""33"""
"""919""","""用户919""","""user919@example.com""","""34"""
"""920""","""用户920""","""user920@example.com""","""35"""
"""921""","""用户921""","""user921@example.com""","""36"""
"""922""","""用户922""","""user922@example.com""","""37"""
"""923""","""用户923""","""user923@example.com""","""38"""
"""924""","""用户924""","""user924@example.com""","""39"""
"""925""","""用户925""","""user925@example.com""","""40"""
"""926""","""用户926""","""user926@example.com""","""41"""
"""927""","""用户927""","""user927@example.com""","""42"""
"""928""","""用户928""","""user928@example.com""","""43"""
"""929""","""用户929""","""user929@example.com""","""44"""
"""930""","""用户930""","""user930@example.com""","""45"""
"""931""","""用户931""","""user931@example.com""","""46"""
"""932""","""用户932""","""user932@example.com""","""47"""
"""933""","""用户933""","""user933@example.com""","""48"""
"""934""","""用户934""","""user934@example.com""","""49"""
"""935""","""用户935""","""user935@example.com""","""50"""
"""936""","""用户936""","""user936@example.com""","""51"""
"""937""","""用户937""","""user937@example.com""","""52"""
"""938""","""用户938""","""user938@example.com""","""53"""
"""939""","""用户939""","""user939@example.com""","""54"""
"""940""","""用户940""","""user940@example.com""","""55"""
"""941""","""用户941""","""user941@example.com""","""56"""
"""942""","""用户942""","""user942@example.com""","""57"""
"""943""","""用户943""","""user943@example.com""","""58"""
"""944""","""用户944""","""user944@example.com""","""59"""
"""945""","""用户945""","""user945@example.com""","""60"""
"""946""","""用户946""","""user946@example.com""","""61"""
"""947""","""用户947""","""user947@example.com""","""62"""
"""948""","""用户948""","""user948@example.com""","""63"""
"""949""","""用户949""","""user949@example.com""","""64"""
"""950""","""用户950""","""user950@example.com""","""15"""
"""951""","""用户951""","""user951@example.com""","""16"""
"""952""","""用户952""","""user952@example.com""","""17"""
"""953""","""用户953""","""user953@example.com""","""18"""
"""954""","""用户954""","""user954@example.com""","""19"""
"""955""","""用户955""","""user955@example.com""","""20"""
"""956""","""用户956""","""user956@example.com""","""21"""
"""957""","""用户957""","""user957@example.com""","""22"""
"""958""","""用户958""","""user958@example.com""","""23"""
"""959""","""用户959""","""user959@example.com""","""24"""
"""960""","""用户960""","""user960@example.com""","""25"""
"""961""","""用户961""","""user961@example.com""","""26"""
"""962""","""用户962""","""user962@example.com""","""27"""
"""963""","""用户963""","""user963@example.com""","""28"""
"""964""","""用户964""","""user964@example.com""","""29"""
"""965""","""用户965""","""user965@example.com""","""30"""
"""966""","""用户966""","""user966@example.com""","""31"""
"""967""","""用户967""","""user967@example.com""","""32"""
"""968""","""用户968""","""user968@example.com""","""33"""
"""969""","""用户969""","""user969@example.com""","""34"""
"""970""","""用户970""","""user970@example.com""","""35"""
"""971""","""用户971""","""user971@example.com""","""36"""
"""972""","""用户972""","""user972@example.com""","""37"""
"""973""","""用户973""","""user973@example.com""","""38"""
"""974""","""用户974""","""user974@example.com""","""39"""
"""975""","""用户975""","""user975@example.com""","""40"""
"""976""","""用户976""","""user976@example.com""","""41"""
"""977""","""用户977""","""user977@example.com""","""42"""
"""978""","""用户978""","""user978@example.com""","""43"""
"""979""","""用户979""","""user979@example.com""","""44"""
"""980""","""用户980""","""user980@example.com""","""45"""
"""981""","""用户981""","""user981@example.com""","""46"""
"""982""","""用户982""","""user982@example.com""","""47"""
"""983""","""用户983""","""user983@example.com""","""48"""
"""984""","""用户984""","""user984@example.com""","""49"""
"""985""","""用户985""","""user985@example.com""","""50"""
"""986""","""用户986""","""user986@example.com""","""51"""
"""987""","""用户987""","""user987@example.com""","""52"""
"""988""","""用户988""","""user988@example.com""","""53"""
"""989""","""用户989""","""user989@example.com""","""54"""
"""990""","""用户990""","""user990@example.com""","""55"""
"""991""","""用户991""","""user991@example.com""","""56"""
"""992""","""用户992""","""user992@example.com""","""57"""
"""993""","""用户993""","""user993@example.com""","""58"""
"""994""","""用户994""","""user994@example.com""","""59"""
"""995""","""用户995""","""user995@example.com""","""60"""
"""996""","""用户996""","""user996@example.com""","""61"""
"""997""","""用户997""","""user997@example.com""","""62"""
"""998""","""用户998""","""user998@example.com""","""63"""
"""999""","""用户999""","""user999@example.com""","""64"""
"""1000""","""用户1000""","""user1000@example.com""","""15"""
